country,year,stunting,wasting,underweight,overweight,income_class,u5_population_thousands
AFGHANISTAN,1997,53.2,18.2,44.9,6.5,High income,3838.877
AFGHANISTAN,2004,59.3,8.6,32.9,4.6,High income,4789.353
AFGHANISTAN,2013,40.4,9.5,24.6,5.3,High income,5444.573
AFGHANISTAN,2018,38.2,5.1,19.1,4.1,High income,5601.443
ALBANIA,1997,20.4,8.1,7.1,9.5,Lower middle income,309.225
ALBANIA,2000,39.2,12.2,17,30.1,Lower middle income,279.835
ALBANIA,2005,26.7,7.3,6.6,24.8,Lower middle income,219.405
ALBANIA,2009,23.2,9.6,6.3,23.2,Lower middle income,179.312
ALBANIA,2017,11.3,1.6,1.5,16.4,Lower middle income,176.522
ALGERIA,1992,22.9,7.1,9.2,8.7,Lower middle income,3926.354
ALGERIA,1995,22.5,9.6,11.3,13.2,Lower middle income,3733.161
ALGERIA,2000,23.6,3.1,5.4,14.7,Lower middle income,3084.85
ALGERIA,2002,24,9.6,11.1,15.1,Lower middle income,2877.72
ALGERIA,2006,15.4,4.1,3.4,12.9,Lower middle income,3080.573
ALGERIA,2012,11.7,4.1,3,12.4,Lower middle income,4298.747
ANGOLA,1996,61.1,7.7,36.2,1.7,Upper middle income,2749.75
ANGOLA,2015,37.6,4.9,19,3.4,Upper middle income,5192.358
ARGENTINA,1994,7.1,1.6,1.7,11.1,Lower middle income,3579.943
ARGENTINA,1996,16.9,4.2,4.7,13.5,Lower middle income,3574.466
ARGENTINA,2005,8.2,1.2,2.3,9.9,Lower middle income,3558.316
ARGENTINA,2019,7.9,1.6,1.7,10,Lower middle income,3741.882
ARMENIA,1998,15.1,3.3,2.7,10.8,Lower middle income,222.626
ARMENIA,2000,17.3,2.5,2.6,15.7,Lower middle income,196.554
ARMENIA,2005,17.9,5.4,4.2,11.4,Lower middle income,186.629
ARMENIA,2010,20.9,4.1,5.3,16.5,Lower middle income,201.083
ARMENIA,2016,9.4,4.4,2.6,13.7,Lower middle income,213.834
AUSTRALIA,1995,0,0,0,7.9,Low income,1297.817
AUSTRALIA,2007,2,0,0.2,7.7,Low income,1328.02
AZERBAIJAN,1996,28,3.8,8.8,6.1,Lower middle income,855.415
AZERBAIJAN,2000,24.2,9,14,6.2,Lower middle income,712.542
AZERBAIJAN,2001,18,3.2,5.9,4.4,Lower middle income,674.032
AZERBAIJAN,2006,26.5,6.8,8.4,13.9,Lower middle income,656.929
AZERBAIJAN,2011,16.4,6.6,6.5,10.4,Lower middle income,734.346
AZERBAIJAN,2013,17.8,3.2,4.9,14.1,Lower middle income,809.746
BAHRAIN,1989,13.9,6.8,6.3,7.5,Low income,65.452
BANGLADESH,1986,70.9,17.3,66.8,0.2,Upper middle income,15384.621
BANGLADESH,1990,63.4,17.5,61.5,0.6,Upper middle income,15889.547
BANGLADESH,1991,73.6,15.2,61.2,0.3,Upper middle income,15998.584
BANGLADESH,1992,71.5,16.1,60.6,0.2,Upper middle income,16042.636
BANGLADESH,1993,69.2,14,56.1,0.4,Upper middle income,16047.015
BANGLADESH,1994,67.3,16.7,58,0.2,Upper middle income,16047.944
BANGLADESH,1995,65.8,15.1,55.2,0.2,Upper middle income,16075.268
BANGLADESH,1996,63.8,15.5,54,0.3,Upper middle income,16113.488
BANGLADESH,1997,59.6,20.7,53.6,2.4,Upper middle income,16160.17
BANGLADESH,1998,59.3,15,50.7,0.2,Upper middle income,16211.608
BANGLADESH,1999,59.9,13.7,49.5,0.6,Upper middle income,16254.467
BANGLADESH,2000,51.1,12.5,42.4,0.9,Upper middle income,16282.15
BANGLADESH,2001,53.2,12.7,43.2,0.9,Upper middle income,16368.469
BANGLADESH,2002,51.4,12.4,41,1,Upper middle income,16391.13
BANGLADESH,2003,47.8,12.5,38.9,1,Upper middle income,16357.212
BANGLADESH,2004,50.5,14.6,42.8,0.9,Upper middle income,16275.278
BANGLADESH,2005,45.9,11.8,37.3,1,Upper middle income,16156.707
BANGLADESH,2006,45.1,11.9,37.9,0.8,Upper middle income,16077.841
BANGLADESH,2007,43.2,17.5,41.3,1.1,Upper middle income,15911.48
BANGLADESH,2011,41.3,15.7,36.7,1.9,Upper middle income,15076.216
BANGLADESH,2013,42,9.6,31.9,1.6,Upper middle income,14844.468
BANGLADESH,2013,38.7,18.1,35.1,2.6,Upper middle income,14844.468
BANGLADESH,2014,36.2,14.4,32.8,1.6,Upper middle income,14770.88
BANGLADESH,2018,30.8,8.4,21.9,2.2,Upper middle income,14516.613
BARBADOS,2012,7.7,6.8,3.5,12.2,Low income,16.653
BELARUS,2005,4.5,2.2,1.3,9.7,Lower middle income,445.676
BELIZE,2006,22,1.9,5,13.6,Lower middle income,37.919
BELIZE,2011,19.3,3.3,6.2,7.9,Lower middle income,37.507
BELIZE,2015,15,1.8,4.6,7.3,Lower middle income,38.586
BENIN,1996,39.1,12.3,26.2,2.4,High income,1107.596
BENIN,2001,36.2,9,19.5,3.1,High income,1252.442
BENIN,2014,34,4.5,18,1.7,High income,1704.452
BENIN,2018,32.2,5,16.8,1.9,High income,1841.613
BHUTAN,1987,60.9,5.2,34,3.5,Upper middle income,84.935
BHUTAN,1999,47.7,2.5,14.1,3.9,Upper middle income,78.478
BHUTAN,2008,34.9,4.5,10.4,5.4,Upper middle income,68.817
BHUTAN,2010,33.5,5.9,12.7,7.6,Upper middle income,66.957
BOLIVIA (PLURINATIONAL STATE OF),1989,44,1.5,7.8,7.4,Upper middle income,1013.338
BOLIVIA (PLURINATIONAL STATE OF),1994,37.1,3.6,11,6.7,Upper middle income,1086.076
BOLIVIA (PLURINATIONAL STATE OF),1998,33.2,1.6,5.9,10.7,Upper middle income,1132.938
BOLIVIA (PLURINATIONAL STATE OF),2003,32.4,1.7,5.8,9.2,Upper middle income,1182.636
BOLIVIA (PLURINATIONAL STATE OF),2008,27.1,1.4,4.5,8.7,Upper middle income,1196.198
BOLIVIA (PLURINATIONAL STATE OF),2012,18.2,1.5,3.6,7.4,Upper middle income,1191.066
BOLIVIA (PLURINATIONAL STATE OF),2016,16.1,2,3.4,10.1,Upper middle income,1198.939
BOSNIA AND HERZEGOVINA,2000,12.1,7.4,4.2,16.3,Lower middle income,234.469
BOSNIA AND HERZEGOVINA,2006,11.8,4,1.6,25.7,Lower middle income,165.01
BOSNIA AND HERZEGOVINA,2012,8.9,2.3,1.6,17.4,Lower middle income,182.991
BOTSWANA,2000,29.1,5.9,11.1,10.1,Lower middle income,216.961
BOTSWANA,2007,28.9,7.3,11.8,10,Lower middle income,244.542
BRAZIL,1996,13,2.8,4.5,6.1,Lower middle income,17456.822
BRAZIL,2007,7,1.8,2.2,6.4,Lower middle income,15642.56
BRUNEI DARUSSALAM,2009,19.7,2.9,9.6,8.3,Low income,31.337
BULGARIA,2004,8.8,3.2,1.6,13.6,Lower middle income,323.271
BULGARIA,2007,6.6,4.5,2.5,6.5,Lower middle income,361.28
BULGARIA,2014,7,6.3,1.9,6.9,Lower middle income,347.561
BURKINA FASO,1993,38.7,15.4,28.7,2.8,High income,1794.843
BURKINA FASO,1999,41.4,15.5,30.9,1.9,High income,2113.613
BURKINA FASO,2003,43.1,21.2,35.2,5.4,High income,2360.635
BURKINA FASO,2006,40,24.4,35.9,7,High income,2564.716
BURKINA FASO,2010,34.7,15.5,26.2,2.8,High income,2842.946
BURKINA FASO,2011,34.6,10.4,25.1,0.7,High income,2920.986
BURKINA FASO,2012,32.8,10.7,24.3,0.6,High income,2986.467
BURKINA FASO,2013,31.3,8.1,20.9,0.8,High income,3044.475
BURKINA FASO,2014,29,8.5,20,1.1,High income,3101.116
BURKINA FASO,2016,26.8,7.5,18.9,1.2,High income,3220.629
BURKINA FASO,2017,21.1,8.6,16.2,1.7,High income,3281.695
BURKINA FASO,2018,24.9,8.4,17.7,1,High income,3344.616
BURUNDI,1987,56.2,6.7,33.6,1.3,High income,1021.437
BURUNDI,2000,64,8.1,39.1,1.5,High income,1155.817
BURUNDI,2010,57.6,6,29.1,2.9,High income,1578.653
BURUNDI,2016,55.9,5.1,29.3,1.4,High income,1905.899
CAMBODIA,1996,58.6,13.4,42.6,6.5,Upper middle income,1750.738
CAMBODIA,2000,49,17.1,39.7,4,Upper middle income,1575.054
CAMBODIA,2005,42.8,8.5,28.3,1.6,Upper middle income,1531.751
CAMBODIA,2008,39.5,9.1,28.3,2,Upper middle income,1621.344
CAMBODIA,2010,39.8,11,28.9,1.9,Upper middle income,1672.089
CAMBODIA,2014,32.4,9.7,24.1,2.2,Upper middle income,1758.997
CAMEROON,1991,31.6,4.5,12.9,4.7,Upper middle income,2249.394
CAMEROON,1998,38.2,6.2,17.3,8.2,Upper middle income,2549.514
CAMEROON,2004,35.6,6.2,15.1,8.7,Upper middle income,2951.589
CAMEROON,2006,37.6,7.6,16.5,10.5,Upper middle income,3140.007
CAMEROON,2011,32.6,5.7,15.2,6.5,Upper middle income,3545.138
CAMEROON,2014,31.7,5.2,14.8,6.7,Upper middle income,3756.345
CAMEROON,2018,28.9,4.3,11,11,Upper middle income,4003.013
CENTRAL AFRICAN REPUBLIC (THE),1994,41.5,8.7,24,3.7,High income,528.307
CENTRAL AFRICAN REPUBLIC (THE),2000,44.4,10.4,21.3,10.8,High income,612.987
CENTRAL AFRICAN REPUBLIC (THE),2006,43.6,12.1,26.1,8.6,High income,699.11
CENTRAL AFRICAN REPUBLIC (THE),2010,40.7,7.4,23.5,1.8,High income,731.905
CENTRAL AFRICAN REPUBLIC (THE),2012,39.7,7.4,24.5,2,High income,739.462
CHAD,1997,44.5,16.5,34.3,2.7,High income,1518.078
CHAD,2000,38.9,13.9,29.2,2.7,High income,1688.335
CHAD,2004,44.4,16.2,33.8,4.2,High income,1957.936
CHAD,2010,38.7,16.3,30.3,2.8,High income,2324.09
CHAD,2015,39.8,13.3,29.4,2.8,High income,2633.013
CHILE,1986,13.5,0.7,2.2,15.4,Low income,1322.604
CHILE,1994,4.2,0.5,0.8,10.1,Low income,1467.634
CHILE,1995,3.9,0.5,0.8,10.9,Low income,1459.639
CHILE,1996,3.7,0.5,0.7,10.7,Low income,1446.074
CHILE,1998,3.3,0.6,0.7,11.2,Low income,1389.133
CHILE,1999,3.1,0.5,0.7,11.9,Low income,1355.302
CHILE,2001,2.8,0.5,0.7,12.9,Low income,1279.623
CHILE,2002,2.5,0.5,0.7,12,Low income,1250.46
CHILE,2003,2.5,0.5,0.6,12.1,Low income,1232.375
CHILE,2004,2.4,0.5,0.6,12.1,Low income,1220.303
CHILE,2006,2.2,0.5,0.6,11.7,Low income,1208.005
CHILE,2007,2.1,0.3,0.6,9.8,Low income,1209.337
CHILE,2008,2,0.3,0.5,9.5,Low income,1213.015
CHILE,2013,1.8,0.3,0.5,10.1,Low income,1247.696
CHILE,2014,1.8,0.3,0.5,9.3,Low income,1245.002
CHINA,1990,32.3,4.2,12.6,5.3,Lower middle income,132966.782
CHINA,1992,38,3.9,14.2,7.2,Lower middle income,130485.494
CHINA,1995,31.2,5,10.7,13.6,Lower middle income,100534.92
CHINA,1998,19.8,2.4,6.9,5.5,Lower middle income,85061.969
CHINA,2000,17.8,2.5,7.4,3.4,Lower middle income,88692.597
CHINA,2002,21.8,3,6.8,9.2,Lower middle income,91696.558
CHINA,2005,11.7,2.9,4.5,5.9,Lower middle income,83125.614
CHINA,2008,9.8,2.6,3.8,5.8,Lower middle income,82746.941
CHINA,2009,9,2.6,3.4,5.7,Lower middle income,83852.351
CHINA,2010,9.4,2.3,3.4,6.6,Lower middle income,84639.255
CHINA,2013,8.1,1.9,2.4,9.1,Lower middle income,86717.349
COLOMBIA,1986,26.6,1,8.9,4.2,Lower middle income,4056.29
COLOMBIA,1995,19.6,1.7,6.3,4.5,Lower middle income,4440.145
COLOMBIA,2000,18.2,1,4.9,5.3,Lower middle income,4355.54
COLOMBIA,2004,16,1.6,5,4.2,Lower middle income,4247.488
COLOMBIA,2010,12.6,0.9,3.4,4.8,Lower middle income,3834.004
COLOMBIA,2016,12.7,1.6,3.7,5.7,Lower middle income,3693.906
COMOROS (THE),1996,40,10.7,21.1,5.3,Upper middle income,83.015
COMOROS (THE),2000,46.9,13.3,25.1,21.5,Upper middle income,88.752
COMOROS (THE),2012,31.1,11.2,16.9,10.6,Upper middle income,111.401
CONGO (THE),1987,30.1,6.6,16.4,1.6,Upper middle income,369.595
CONGO (THE),2005,31.2,8,11.9,8.5,Upper middle income,594.828
CONGO (THE),2011,24.4,6,11.8,3.5,Upper middle income,725.637
CONGO (THE),2014,21.2,8.2,12.3,5.9,Upper middle income,768.493
COSTA RICA,1996,8.2,2.4,3.8,9.5,Lower middle income,410.887
COSTA RICA,2008,5.6,1,1.1,8.1,Lower middle income,352.888
COTE D'IVOIRE,1994,34.2,8.3,20.3,2.5,Upper middle income,2389.654
COTE D'IVOIRE,1998,31.2,6.9,18.2,4.6,Upper middle income,2686.59
COTE D'IVOIRE,2006,41.3,8.4,16.5,9.1,Upper middle income,3160.547
COTE D'IVOIRE,2007,39,14,29.4,4.9,Upper middle income,3201.357
COTE D'IVOIRE,2012,29.9,7.6,15.7,3.2,Upper middle income,3458.278
COTE D'IVOIRE,2016,21.6,6.1,12.8,1.5,Upper middle income,3806.33
CZECHIA,1991,3.1,2.8,0.9,6.7,Low income,669.575
CZECHIA,2001,2.7,4.6,2.1,4.4,Low income,417.638
DEMOCRATIC PEOPLE'S REP. OF KOREA (THE),2002,44.7,8.7,17.8,0.9,High income,1933.702
DEMOCRATIC PEOPLE'S REP. OF KOREA (THE),2009,32.4,5.2,18.8,0,High income,1736.606
DEMOCRATIC PEOPLE'S REP. OF KOREA (THE),2017,19.1,2.5,9.3,2.3,High income,1740.55
DEMOCRATIC REP. OF THE CONGO (THE),2001,44.4,15.9,30.3,6.7,High income,8933.779
DEMOCRATIC REP. OF THE CONGO (THE),2007,45.8,10.4,25.6,7,High income,10993.051
DEMOCRATIC REP. OF THE CONGO (THE),2010,43.4,8.5,24.2,4.9,High income,12134.254
DEMOCRATIC REP. OF THE CONGO (THE),2013,42.7,8.1,23.4,4.4,High income,13355.337
DJIBOUTI,2002,27.1,19.4,24.4,8.4,Upper middle income,105.434
DJIBOUTI,2012,33.5,21.5,29.9,8.1,Upper middle income,92.531
DOMINICAN REPUBLIC (THE),1986,20.4,3.3,8.7,3.8,Lower middle income,939.009
DOMINICAN REPUBLIC (THE),1991,21.1,2.1,8.4,4.3,Lower middle income,977.922
DOMINICAN REPUBLIC (THE),1996,13.5,2,4.7,6.7,Lower middle income,1019.325
DOMINICAN REPUBLIC (THE),2000,7.7,1.5,3.3,6.9,Lower middle income,1008.017
DOMINICAN REPUBLIC (THE),2002,11.6,2.2,4.2,8.6,Lower middle income,998.016
DOMINICAN REPUBLIC (THE),2006,10.5,1.9,4.6,7.4,Lower middle income,993.981
DOMINICAN REPUBLIC (THE),2007,10.1,2.3,3.4,8.3,Lower middle income,992.495
DOMINICAN REPUBLIC (THE),2013,7.1,2.4,4,7.6,Lower middle income,999.023
ECUADOR,1999,27.9,2.7,10.4,2.6,Lower middle income,1553.154
ECUADOR,2004,29.2,2,6.7,5.3,Lower middle income,1562.128
ECUADOR,2006,25.9,2.1,6.8,5.2,Lower middle income,1548.115
ECUADOR,2012,25.4,2.4,6.4,7.5,Lower middle income,1576.81
ECUADOR,2014,23.9,1.6,5.1,8,Lower middle income,1596.662
EGYPT,1988,34,1.9,9.4,6.9,Upper middle income,8495.019
EGYPT,1991,34.9,4.5,10.5,14.9,Upper middle income,8754.239
EGYPT,1993,31.1,4,8.2,14.3,Upper middle income,8579.93
EGYPT,1995,34.8,5.7,10.8,14.6,Upper middle income,8385.616
EGYPT,2003,20.2,5.2,8.7,9.2,Upper middle income,8744.939
EGYPT,2005,23.9,5.3,5.4,14.1,Upper middle income,8797.235
EGYPT,2008,30.7,7.9,6.8,20.4,Upper middle income,9135.679
EGYPT,2014,22.3,9.5,7,15.7,Upper middle income,11943.129
EL SALVADOR,1988,36.7,2.2,11.1,3,Upper middle income,742.183
EL SALVADOR,1993,31.6,1.5,8,3.7,Upper middle income,767.556
EL SALVADOR,1998,32.3,1.5,9.7,3.9,Upper middle income,775.386
EL SALVADOR,2003,24.6,1.3,6.1,5.8,Upper middle income,691.281
EL SALVADOR,2008,20.8,1.6,6.7,5.7,Upper middle income,613.806
EL SALVADOR,2014,13.6,2.1,5,6.4,Upper middle income,587.168
EQUATORIAL GUINEA,1997,38.7,4,13.8,3.4,Lower middle income,89.048
EQUATORIAL GUINEA,2000,42.7,9.2,15.7,14,Lower middle income,100.185
EQUATORIAL GUINEA,2004,35,2.8,10.6,8.3,Lower middle income,117.413
EQUATORIAL GUINEA,2011,26.2,3.1,5.6,9.7,Lower middle income,154.9
ERITREA,1995,47.8,17,39.6,1.3,High income,370.17
ERITREA,2002,43,15,34.3,1.6,High income,339.219
ERITREA,2010,52.5,14.6,39.4,2.1,High income,526.331
ESWATINI,2000,36.5,1.7,9.1,14.9,Upper middle income,146.358
ESWATINI,2006,29.2,2.9,6,11.1,Upper middle income,146.087
ESWATINI,2010,30.9,0.8,5.9,10.7,Upper middle income,151.903
ESWATINI,2014,25.5,2,5.8,9,Upper middle income,146.88
ETHIOPIA,2000,57.6,12.4,42,2,High income,12347.59
ETHIOPIA,2005,50.4,12.4,34.4,5.1,High income,13553.113
ETHIOPIA,2011,44.4,9.8,29.2,1.8,High income,14428.312
ETHIOPIA,2014,40.4,8.7,25.2,2.6,High income,15206.711
ETHIOPIA,2016,38.4,10,23.6,2.9,High income,15823.334
ETHIOPIA,2019,36.8,7.2,21.1,2.1,High income,16560.834
FIJI,1993,4.3,9.8,6.9,2.2,Lower middle income,98.502
FIJI,2004,7.5,6.3,5.3,5.1,Lower middle income,89.974
GABON,2000,25.9,4.2,9,5.5,Lower middle income,184.69
GABON,2012,17,3.4,6.4,7.7,Lower middle income,253.983
GAMBIA (THE),2000,24.1,9.1,15.4,3,High income,243.236
GAMBIA (THE),2006,27.7,7.4,15.8,2.7,High income,284.257
GAMBIA (THE),2010,23.4,9.5,17.4,1.9,High income,317.504
GAMBIA (THE),2012,21.1,9.5,17.9,1.1,High income,337.578
GAMBIA (THE),2013,24.6,11,16.5,3.2,High income,346.839
GAMBIA (THE),2018,19,6.2,13.9,1.2,High income,392.902
GAMBIA (THE),2018,13.6,6,10.3,2.5,High income,392.902
GEORGIA,1999,16.1,3.1,2.7,17.9,Lower middle income,269.919
GEORGIA,2005,14.6,3,2.4,20.8,Lower middle income,233.077
GEORGIA,2009,11.3,1.6,1.1,19.9,Lower middle income,254.744
GERMANY,2004,1.3,1,1.1,3.5,Low income,3679.491
GERMANY,2016,1.7,0.3,0.5,3.2,Low income,3603.889
GHANA,1988,42.6,7,24.8,0.8,Upper middle income,2427.597
GHANA,1993,41.2,10.9,25.8,2.5,Upper middle income,2709.984
GHANA,1998,30.6,9.9,20.1,2.7,Upper middle income,2956.504
GHANA,2003,35.5,8.4,19,4.5,Upper middle income,3199.225
GHANA,2006,27.9,6,13.9,2.6,Upper middle income,3326.705
GHANA,2008,28.4,8.7,14.4,5.7,Upper middle income,3448.626
GHANA,2011,22.8,6.2,13.4,2.6,Upper middle income,3671.288
GHANA,2014,18.8,4.7,11.2,2.6,Upper middle income,3890.124
GHANA,2017,17.5,6.8,12.6,1.4,Upper middle income,4069.604
GUATEMALA,1987,66.2,1.9,27.9,2.4,Lower middle income,1530.365
GUATEMALA,1995,55.4,3.8,21.7,6.2,Lower middle income,1766.974
GUATEMALA,1999,53.1,2.9,20.3,6.9,Lower middle income,1874.542
GUATEMALA,2000,51,3.7,18.8,7.3,Lower middle income,1895.159
GUATEMALA,2002,54.8,1.9,18.2,5.2,Lower middle income,1931.688
GUATEMALA,2009,51.5,1,14.1,4.9,Lower middle income,1956.294
GUATEMALA,2015,46.7,0.8,12.4,4.9,Lower middle income,1994.028
GUINEA,1999,31.1,9.7,20,4.4,High income,1474.581
GUINEA,2005,39.3,11,22.7,5.2,High income,1630.331
GUINEA,2011,34.4,5.1,16,3,High income,1802.101
GUINEA,2012,31.1,10,18.8,3.8,High income,1827.671
GUINEA,2016,32.4,8.1,18.3,4,High income,1945.446
GUINEA,2018,30.3,9.2,16.3,5.6,High income,2019.747
GUINEA-BISSAU,2000,33.8,11.8,19.8,5,High income,207.783
GUINEA-BISSAU,2006,47.7,8.8,17.4,16.9,High income,231.251
GUINEA-BISSAU,2010,32,5.9,18,2.8,High income,254.839
GUINEA-BISSAU,2014,27.6,6,17,2.3,High income,279.434
GUYANA,1997,14,13.3,10.3,1.9,Lower middle income,102.619
GUYANA,2000,13.9,12.1,11.9,5.5,Lower middle income,96.09
GUYANA,2006,17.9,8.3,10.8,6.8,Lower middle income,80.942
GUYANA,2009,19.3,5.5,11,6.7,Lower middle income,74.018
GUYANA,2014,11.3,6.4,8.2,5.3,Lower middle income,74.484
HAITI,1994,37.1,9.3,23.8,4.3,High income,1161.815
HAITI,2000,28.8,5.5,13.9,3.1,High income,1207.519
HAITI,2006,29.6,10.2,18.9,3.9,High income,1246.633
HAITI,2012,22,5.1,11.6,3.6,High income,1270.169
HAITI,2017,21.9,3.7,9.5,3.4,High income,1271.773
HONDURAS,1987,43.3,2.3,18.1,2.7,Upper middle income,810.128
HONDURAS,1996,38.6,1.6,17.9,2.8,Upper middle income,969.783
HONDURAS,2001,35.5,1.3,12.8,3,Upper middle income,1070.673
HONDURAS,2006,29.8,1.4,8.7,5.8,Upper middle income,1052.842
HONDURAS,2012,22.6,1.4,7.1,5.2,Upper middle income,1020.993
INDIA,1993,57.7,19.9,51.2,2.9,Upper middle income,123695.199
INDIA,1997,45.9,18.4,38.4,5.9,Upper middle income,126145.646
INDIA,1999,54.2,17.1,46.3,2.9,Upper middle income,127300.714
INDIA,2006,47.8,20,43.5,1.9,Upper middle income,129784.914
INDIA,2015,37.9,20.8,36.3,2.4,Upper middle income,118983.308
INDIA,2017,34.7,17.3,33.4,1.6,Upper middle income,116172.498
INDONESIA,1996,48.1,14.9,30.3,6.5,Upper middle income,21900.255
INDONESIA,2000,42.4,5.5,24.8,1.5,Upper middle income,21305.368
INDONESIA,2001,41.6,5.4,23.4,1.5,Upper middle income,21469.844
INDONESIA,2004,28.6,14.4,19.7,5.1,Upper middle income,22054.871
INDONESIA,2007,40.1,14.8,19.6,11.2,Upper middle income,22542.464
INDONESIA,2010,39.2,12.3,18.6,12.3,Upper middle income,23172.918
INDONESIA,2013,36.4,13.5,19.9,11.5,Upper middle income,23913.401
INDONESIA,2018,30.5,10.2,17.7,8,Upper middle income,24350.302
IRAN (ISLAMIC REPUBLIC OF),1995,24.4,8.1,13.8,5.5,Lower middle income,7332.956
IRAN (ISLAMIC REPUBLIC OF),1998,20.4,6.1,9.5,6.9,Lower middle income,6173.345
IRAQ,2000,28.1,6.6,12.8,5.5,Lower middle income,3830.633
IRAQ,2006,27.5,5.8,7.1,15,Lower middle income,4276.069
IRAQ,2011,22.1,6.5,7.2,11.4,Lower middle income,4634.29
IRAQ,2018,12.6,3,3.9,6.1,Lower middle income,5404.397
JAMAICA,1991,11.8,5.5,5.6,2.3,Lower middle income,288.802
JAMAICA,1992,14.4,2.7,5.7,3.1,Lower middle income,287.476
JAMAICA,1993,12.6,4.4,6.1,4.6,Lower middle income,288.642
JAMAICA,1994,12.1,3,4.6,6.2,Lower middle income,290.425
JAMAICA,1995,9.7,4.8,4.8,5.9,Lower middle income,291.521
JAMAICA,1996,11.2,2.5,5.6,3.8,Lower middle income,293.407
JAMAICA,1997,8.7,2.2,3.5,5.5,Lower middle income,294.18
JAMAICA,1998,9.5,2.6,3.8,4.3,Lower middle income,293.674
JAMAICA,1999,5.7,2.4,2.1,6.3,Lower middle income,291.932
JAMAICA,2000,7.2,3,3.9,7.3,Lower middle income,288.993
JAMAICA,2001,6.6,3.2,4,5.8,Lower middle income,285.763
JAMAICA,2002,8.2,2.4,2.7,8.5,Lower middle income,279.884
JAMAICA,2004,4.9,4.5,3.1,7.5,Lower middle income,264.671
JAMAICA,2006,7.5,3.7,4.8,6.1,Lower middle income,247.285
JAMAICA,2007,5.4,2.7,1.8,8.7,Lower middle income,240.362
JAMAICA,2008,6.9,2.5,2.4,7.8,Lower middle income,235.851
JAMAICA,2010,6,4.8,3.4,4.1,Lower middle income,230.553
JAMAICA,2012,6.8,3,2.7,7.8,Lower middle income,232.702
JAMAICA,2014,6,3.6,2.2,8.3,Lower middle income,235.246
JAPAN,2010,7.1,2.3,3.4,1.5,Low income,5554.144
JORDAN,1990,20,4,5.1,8.5,Lower middle income,599.474
JORDAN,1997,11.1,2.4,3.8,4.3,Lower middle income,732.034
JORDAN,2002,11.7,2.5,3.7,4.5,Lower middle income,762.55
JORDAN,2009,8.2,1.6,1.9,6.6,Lower middle income,957.497
JORDAN,2012,7.8,2.4,3,4.7,Lower middle income,1090.331
KAZAKHSTAN,1995,23.3,6.4,4.4,4.1,Lower middle income,1450.051
KAZAKHSTAN,1999,13.2,2.5,3.8,4.9,Lower middle income,1129.484
KAZAKHSTAN,2006,17.5,4.9,4.9,16.9,Lower middle income,1301.703
KAZAKHSTAN,2010,13.1,4.1,3.7,13.3,Lower middle income,1591.999
KAZAKHSTAN,2015,8,3.1,2,9.3,Lower middle income,1954.031
KENYA,1993,40.2,7.1,19.4,5.8,Upper middle income,4635.673
KENYA,1994,41.1,6.8,17.9,5.1,Upper middle income,4674.726
KENYA,1998,37.4,7.2,17.5,5.8,Upper middle income,5165.473
KENYA,2000,40.8,7.4,17.1,8.1,Upper middle income,5538.881
KENYA,2003,35.8,6.2,16.4,5.8,Upper middle income,6007.359
KENYA,2005,40.3,6.9,18,7.9,Upper middle income,6208.241
KENYA,2008,35.5,6.9,16.5,5,Upper middle income,6599.583
KENYA,2014,26.2,4.2,11.2,4.1,Upper middle income,7034.659
KIRIBATI,1985,34.4,12.6,11.3,15.9,Upper middle income,10.008
KUWAIT,1996,5,1.7,1.5,8.9,Low income,172.243
KUWAIT,2001,4,2.2,2.2,11,Low income,230.201
KUWAIT,2002,3.6,2.2,2.1,6.6,Low income,226.343
KUWAIT,2003,3.9,2.6,2.3,6.8,Low income,217.521
KUWAIT,2004,4.1,3.4,2.8,7.1,Low income,211.043
KUWAIT,2005,4.5,3.3,2.7,7.5,Low income,213.145
KUWAIT,2006,4.6,2.8,2.7,8.7,Low income,211.498
KUWAIT,2007,5.1,3.6,2.9,8.5,Low income,220.877
KUWAIT,2008,5.1,2.2,2.3,9.3,Low income,238.356
KUWAIT,2009,3.8,1.8,1.7,9,Low income,257.687
KUWAIT,2010,4.1,2.4,1.7,7.8,Low income,273.634
KUWAIT,2011,4,1.7,2.1,8.3,Low income,291.11
KUWAIT,2012,4.3,2.4,2.2,9.5,Low income,301.118
KUWAIT,2013,4.8,2.7,3.1,7.8,Low income,304.468
KUWAIT,2014,5.8,2.4,3,8.7,Low income,304.089
KYRGYZSTAN,1997,36.2,2.9,10.4,8.1,Upper middle income,564.395
KYRGYZSTAN,2006,18.1,3.4,2.7,10.7,Upper middle income,495.252
KYRGYZSTAN,2009,22.6,1.3,4.7,4.4,Upper middle income,571.001
KYRGYZSTAN,2012,17.9,2.8,3.8,8.9,Upper middle income,684.515
KYRGYZSTAN,2014,12.9,2.8,2.8,7,Upper middle income,750.07
KYRGYZSTAN,2018,11.8,2,1.8,6.9,Upper middle income,787.721
LAO PEOPLE'S DEMOCRATIC REP. (THE),2000,47.5,17.5,35.6,2.7,Upper middle income,797.215
LAO PEOPLE'S DEMOCRATIC REP. (THE),2006,47.7,7.4,31.6,1.3,Upper middle income,759.756
LAO PEOPLE'S DEMOCRATIC REP. (THE),2011,44.2,5.9,26.6,2,Upper middle income,795.473
LAO PEOPLE'S DEMOCRATIC REP. (THE),2015,35.5,9.7,25.5,2.5,Upper middle income,781.052
LAO PEOPLE'S DEMOCRATIC REP. (THE),2017,33.1,9,21.1,3.5,Upper middle income,780.948
LEBANON,1996,17.2,3.6,3.5,20.8,Lower middle income,440.189
LEBANON,2004,16.5,6.6,4.2,16.7,Lower middle income,433.424
LESOTHO,2000,52.7,6.8,14.9,21,Upper middle income,276.93
LESOTHO,2004,44.7,5.6,16.6,6.7,Upper middle income,266.618
LESOTHO,2009,39.3,3.8,13.4,7.3,Upper middle income,251.837
LESOTHO,2014,33.4,2.8,10.5,7.5,Upper middle income,243.376
LESOTHO,2018,34.6,2.1,10.5,6.6,Upper middle income,252.292
LIBERIA,2000,45.3,7.4,22.8,4.6,High income,484.76
LIBERIA,2007,39.6,7.9,20.4,4.2,High income,585.734
LIBERIA,2010,39,4,16.6,2.7,High income,641.398
LIBERIA,2013,32.1,5.6,15.3,3.2,High income,676.953
LIBERIA,2016,30.1,4.3,13.6,2.7,High income,702.542
LIBYA,1995,21.1,3.6,4.2,13.4,Lower middle income,601.727
LIBYA,2007,21,6.5,5.6,22.4,Lower middle income,600.288
LIBYA,2014,38.1,10.2,11.7,29.6,Lower middle income,663.695
MADAGASCAR,1992,60.5,6.4,35.2,1.6,High income,2226.883
MADAGASCAR,1997,58.2,8.9,38,2.2,High income,2611.191
MADAGASCAR,2004,52.7,15.1,36.7,6.2,High income,3079.357
MADAGASCAR,2012,48.9,7.5,32.6,1.1,High income,3528.003
MADAGASCAR,2018,41.6,6.4,26.4,1.4,High income,3934.343
MALAWI,1992,55.4,6.6,24.4,9.8,High income,1800.342
MALAWI,1998,62.3,8.7,24.5,17.3,High income,1892.134
MALAWI,2000,54.7,6.8,21.5,8.8,High income,2013.864
MALAWI,2002,58.3,6.3,21.7,10,High income,2132.152
MALAWI,2004,52.5,6.3,18.6,10.2,High income,2229.02
MALAWI,2006,53.1,4.2,15.6,11.3,High income,2357.654
MALAWI,2009,48.8,1.8,12.1,4.9,High income,2572.697
MALAWI,2010,47.3,4,13.9,9,High income,2632.444
MALAWI,2014,42.4,3.8,16.7,5.1,High income,2758.829
MALAWI,2015,37.4,2.8,11.8,4.6,High income,2777.065
MALAWI,2016,38.3,3.9,15,1.5,High income,2781.814
MALAWI,2016,44.2,2.4,15.8,2.3,High income,2781.814
MALAWI,2018,39,1.3,11.8,2.5,High income,2835.168
MALAYSIA,1999,20.7,15.3,16.7,5.5,Lower middle income,2684.759
MALAYSIA,2015,17.7,8,12.4,7.1,Lower middle income,2504.056
MALAYSIA,2016,20.7,11.5,13.7,6,Lower middle income,2553.619
MALDIVES,1994,36.1,16.1,32.5,1.2,Lower middle income,41.015
MALDIVES,1995,33,18.9,39,2.2,Lower middle income,39.913
MALDIVES,1997,43,19.9,36.7,9.8,Lower middle income,36.61
MALDIVES,2001,31.9,13.4,25.7,3.9,Lower middle income,30.18
MALDIVES,2009,19,10.6,17.7,6.2,Lower middle income,32.509
MALI,1987,35.8,11.3,28.6,0.5,High income,1502.531
MALI,1996,39.9,22,37.7,2.3,High income,1863.183
MALI,2001,42.5,12.6,30,3.1,High income,2140.554
MALI,2006,37.6,15.4,27.9,4.6,High income,2570.891
MALI,2010,27.8,8.9,18.9,1,High income,2928.051
MALI,2015,30.4,13.5,25,1.9,High income,3269.549
MALI,2018,26.9,9,18.6,2,High income,3460.191
MARSHALL ISLANDS,2017,34.8,3.5,11.9,4.1,Lower middle income,1
MAURITANIA,1990,54.6,17.4,43.1,6.8,Upper middle income,353.349
MAURITANIA,2000,38.6,15.3,29.7,3.8,Upper middle income,432.584
MAURITANIA,2007,31.5,13.6,25.5,2.3,Upper middle income,511.303
MAURITANIA,2008,23.6,8.1,16.5,1,Upper middle income,523.917
MAURITANIA,2011,29.7,13.9,24.4,3.2,Upper middle income,567.356
MAURITANIA,2012,23,11.7,20.2,1.2,Upper middle income,583.142
MAURITANIA,2015,27.9,14.8,24.9,1.3,Upper middle income,628.482
MAURITANIA,2018,22.8,11.5,19.2,1.5,Upper middle income,668.659
MAURITIUS,1985,27.3,18.3,21.1,8.8,Lower middle income,104.34
MAURITIUS,1995,13.6,15.7,13,6.5,Lower middle income,111.01
MEXICO,1988,28.7,7.4,12.4,6.1,Lower middle income,11342.633
MEXICO,1989,26,6.1,9.6,11,Lower middle income,11444.17
MEXICO,1998,21.4,2,5.6,7.5,Lower middle income,11456.848
MEXICO,2006,15.5,2,3.4,7.5,Lower middle income,11394.496
MEXICO,2012,13.6,1.6,2.8,9,Lower middle income,11170.676
MEXICO,2015,12.4,1,3.9,5.2,Lower middle income,11234.088
MEXICO,2016,10,2,4.2,5.3,Lower middle income,11264.091
MONGOLIA,1999,30.1,4.3,10.8,7,Upper middle income,239.366
MONGOLIA,2000,29.8,7.1,11.6,12.7,Upper middle income,233.94
MONGOLIA,2004,23.5,0.6,4.8,6.1,Upper middle income,218.903
MONGOLIA,2005,27.5,2.7,5.3,14.2,Upper middle income,221.602
MONGOLIA,2010,15.5,1.8,4.7,6.7,Upper middle income,283.893
MONGOLIA,2013,10.8,1,1.6,10.5,Upper middle income,338.989
MONGOLIA,2016,7.3,1.2,0.8,11.7,Upper middle income,374.176
MONGOLIA,2018,9.4,0.9,1.8,10.5,Upper middle income,380.273
MONTENEGRO,2005,7.9,4.2,2.2,15.7,Lower middle income,40.301
MONTENEGRO,2013,9.4,2.8,1,22.3,Lower middle income,38.348
MOROCCO,1987,31,3.9,10.4,5.6,Upper middle income,3530.682
MOROCCO,1992,30.1,2.6,8.1,10.8,Upper middle income,3320.972
MOROCCO,1997,28.9,4.7,7.7,13.7,Upper middle income,3281.966
MOROCCO,2003,23.1,10.8,9.8,13.4,Upper middle income,3030.272
MOROCCO,2011,14.9,2.3,2.9,10.8,Upper middle income,3213.681
MOROCCO,2017,15.1,2.6,2.6,10.9,Upper middle income,3487.63
MOZAMBIQUE,1997,48.7,9.8,26.3,5.9,High income,2917.468
MOZAMBIQUE,2001,50.7,8.1,24.5,8.8,High income,3278.055
MOZAMBIQUE,2003,46.9,5.4,21.2,6.3,High income,3509.278
MOZAMBIQUE,2008,43.5,4.2,18.2,3.6,High income,4020.577
MOZAMBIQUE,2011,42.9,6.1,15.6,7.8,High income,4256.094
MOZAMBIQUE,2015,42.3,4.4,15.6,7,High income,4635.479
MYANMAR,1997,55.4,9.6,28.1,9.7,Upper middle income,5081.455
MYANMAR,2000,40.8,10.7,30,2.4,Upper middle income,5207.087
MYANMAR,2003,42.7,11.7,29.2,6.9,Upper middle income,5362.486
MYANMAR,2009,35.1,7.9,22.6,2.6,Upper middle income,5040.175
MYANMAR,2016,29.4,6.6,18.5,1.5,Upper middle income,4545.614
NAMIBIA,1992,35.6,9.6,21.4,4.5,Lower middle income,253.611
NAMIBIA,2000,29.3,10,20.2,3.3,Lower middle income,265.43
NAMIBIA,2007,29.2,7.6,17.4,4.7,Lower middle income,261.428
NAMIBIA,2013,22.7,7.1,13.2,4,Lower middle income,313.885
NAURU,2007,24,1,4.8,2.8,Lower middle income,1
NEPAL,1996,65.7,12.6,47.1,0.7,High income,3450.425
NEPAL,1998,61.1,7.9,38.2,0.4,High income,3561.271
NEPAL,2001,57.1,11.3,42.8,0.7,High income,3601.164
NEPAL,2006,49.2,12.7,38.5,0.6,High income,3243.134
NEPAL,2011,40.5,11.2,29.1,1.5,High income,2983.473
NEPAL,2014,37.5,11.3,30.1,2.1,High income,2823.184
NEPAL,2016,36,9.6,27.2,1.2,High income,2769.163
NICARAGUA,1993,29.6,2.5,9.6,5.5,Upper middle income,698.285
NICARAGUA,1998,30.5,3.4,10.3,6.9,Upper middle income,686.398
NICARAGUA,2001,25.1,2.3,7.7,7.2,Upper middle income,662.108
NICARAGUA,2004,18.8,0.3,4.3,5.2,Upper middle income,656.426
NICARAGUA,2006,23.1,1.5,5.7,6.2,Upper middle income,658.212
NICARAGUA,2012,17.3,2.2,4.6,8.3,Upper middle income,670.204
NIGER (THE),1992,45.3,18.8,38.7,2,High income,1726.439
NIGER (THE),1998,50.7,19.8,46.9,1.1,High income,2172.025
NIGER (THE),2000,53.5,16.2,43.1,1.7,High income,2342.97
NIGER (THE),2006,54.8,12.5,39.9,3.5,High income,2960.305
NIGER (THE),2012,43.5,18.2,38,3.1,High income,3690.051
NIGER (THE),2012,39.9,13.4,32.1,0.8,High income,3690.051
NIGER (THE),2013,42.5,12.4,33.1,0.4,High income,3818.03
NIGER (THE),2014,42.2,14.2,34.6,0.5,High income,3947.465
NIGER (THE),2016,41.3,10.4,32,1.1,High income,4228.159
NIGER (THE),2018,48.5,14.1,37.5,1,High income,4503.387
NIGERIA,1990,48.7,11.7,33.1,3.3,Upper middle income,16798.895
NIGERIA,1993,43.8,20.6,35.1,5.5,Upper middle income,17830.17
NIGERIA,2003,42.5,11.2,26.7,6.3,Upper middle income,23022.562
NIGERIA,2007,39.2,13.4,23.3,13.3,Upper middle income,25754.299
NIGERIA,2008,40.6,14.5,26.7,10.4,Upper middle income,26384.573
NIGERIA,2011,35.8,10.2,24.2,3,Upper middle income,28405.418
NIGERIA,2013,36.5,18.1,31,5,Upper middle income,29803.348
NIGERIA,2014,33.6,7.9,20.6,1.8,Upper middle income,30478.641
NIGERIA,2015,33,7.3,19.5,1.6,Upper middle income,31132.119
NIGERIA,2016,43.6,10.8,31.5,1.5,Upper middle income,31830.807
NIGERIA,2018,36.8,6.8,21.8,2.1,Upper middle income,32917.192
NORTH MACEDONIA,1999,8,1.7,1.9,9.6,Lower middle income,140.378
NORTH MACEDONIA,2005,11.3,3.4,1.8,16.2,Lower middle income,124.033
NORTH MACEDONIA,2011,4.9,1.8,1.3,12.4,Lower middle income,110.975
OMAN,1991,24.2,7.8,18.6,8.4,Low income,323.054
OMAN,1994,21.1,7.2,10.4,1,Low income,316.09
OMAN,1999,15.8,7.8,13,1.6,Low income,288.703
OMAN,2009,9.8,7.1,8.6,1.7,Low income,275.445
OMAN,2014,14.1,7.5,9.7,4.4,Low income,366.134
OMAN,2017,11.4,9.3,11.2,4.2,Low income,423.51
PAKISTAN,1986,62.5,24,44.4,7.8,Upper middle income,16224.664
PAKISTAN,1991,54.5,12.5,39,5.4,Upper middle income,19020.728
PAKISTAN,1992,42.7,17.2,35.3,1.6,Upper middle income,19479.293
PAKISTAN,2001,41.4,14.1,31.2,4.8,Upper middle income,22111.536
PAKISTAN,2011,43,14.8,30.9,6.4,Upper middle income,24407.638
PAKISTAN,2013,45,10.5,31.8,4.8,Upper middle income,25121.446
PAKISTAN,2018,37.6,7.1,23.1,2.5,Upper middle income,27290.918
PANAMA,1997,16.8,1.3,5,6.4,Low income,327.691
PANAMA,2003,23.7,1.6,5.3,11.1,Low income,350.045
PANAMA,2008,19,1.2,3.9,9.7,Low income,360.272
PAPUA NEW GUINEA,1983,46,5.5,22.8,3.1,Upper middle income,648.25
PAPUA NEW GUINEA,2005,43.9,4.4,18.1,3.4,Upper middle income,947.892
PAPUA NEW GUINEA,2010,49.5,14.1,27.8,13.7,Upper middle income,1012.142
PARAGUAY,1990,18.3,0.6,2.8,6.3,Lower middle income,659.769
PARAGUAY,2005,17.5,1.1,3.4,7.1,Lower middle income,677.981
PARAGUAY,2012,10.7,2.6,2.6,11.3,Lower middle income,695.397
PARAGUAY,2016,5.6,1,1.3,12.4,Lower middle income,684.758
PERU,1991,37.3,1.9,8.8,9.3,Lower middle income,3141.134
PERU,1996,31.6,1.6,5.7,9.9,Lower middle income,3104
PERU,2000,31.3,1.1,5.2,11.8,Lower middle income,2999.922
PERU,2005,29.2,1,5.4,9.1,Lower middle income,2937.224
PERU,2007,28,0.8,4.3,10,Lower middle income,2975.905
PERU,2009,23.9,0.6,4.3,10.3,Lower middle income,3008.742
PERU,2010,23.3,0.7,4.3,8,Lower middle income,3004.452
PERU,2011,19.5,0.4,4.2,8.8,Lower middle income,3012.156
PERU,2012,18.4,0.6,3.4,7.2,Lower middle income,2966.366
PERU,2013,17.7,0.4,3.6,8.4,Lower middle income,2892.909
PERU,2014,14.8,0.6,3.2,8.8,Lower middle income,2829.817
PERU,2015,14.7,0.6,3.4,8.2,Lower middle income,2799.873
PERU,2016,13.1,0.6,3.2,7.7,Lower middle income,2708.3
PERU,2017,12.9,0.5,3.2,8,Lower middle income,2705.216
PERU,2018,12.2,0.5,2.6,8.6,Lower middle income,2756.62
PHILIPPINES (THE),1992,40.9,8.8,29.8,1.7,Upper middle income,9761.431
PHILIPPINES (THE),1998,38.3,8,28.3,1.9,Upper middle income,10437.771
PHILIPPINES (THE),2003,33.8,6,20.7,2.4,Upper middle income,11252.505
PHILIPPINES (THE),2008,32.3,6.9,20.7,3.3,Upper middle income,11181.54
PHILIPPINES (THE),2011,33.4,7,20.2,3.7,Upper middle income,11129.545
PHILIPPINES (THE),2013,30,7.6,19.9,4.5,Upper middle income,11375.488
PHILIPPINES (THE),2015,33.1,6.8,21.4,3.3,Upper middle income,11477.213
PHILIPPINES (THE),2018,30.3,5.6,19.1,4,Upper middle income,11035.267
QATAR,1995,11.6,2.1,4.8,10.4,Low income,50.012
REPUBLIC OF KOREA (THE),2003,2.5,0.9,0.9,6.2,Low income,2685.256
REPUBLIC OF KOREA (THE),2010,2.5,1.2,0.7,7.3,Low income,2288.938
REPUBLIC OF MOLDOVA (THE),2005,10.7,5.8,3.2,8.9,Upper middle income,205.482
REPUBLIC OF MOLDOVA (THE),2012,6.4,1.9,2.2,4.9,Upper middle income,225.621
ROMANIA,1991,11.2,3.3,5,4,Lower middle income,1845.714
ROMANIA,1999,15.3,3.6,3.4,10.1,Lower middle income,1094.284
ROMANIA,2000,12.8,4.3,3.7,8.9,Lower middle income,1101.366
ROMANIA,2001,14,3.9,3.8,9.1,Lower middle income,1152.31
ROMANIA,2002,12.8,3.5,3.5,8.3,Lower middle income,1147.229
RWANDA,1992,56.8,5,24.2,4,High income,1166.46
RWANDA,2000,47.9,8.7,20.3,7.1,High income,1289.528
RWANDA,2005,51.4,4.9,17.9,6.7,High income,1406
RWANDA,2010,44.3,2.9,11.7,6.9,High income,1578.409
RWANDA,2012,43.8,2.4,12,6,High income,1633.869
RWANDA,2015,38.3,2.3,9.6,7.9,High income,1690.202
RWANDA,2015,36.9,2,8.9,5.6,High income,1690.202
SAINT LUCIA,2012,2.5,3.7,2.8,6.3,Lower middle income,11.07
SAMOA,1999,6.4,1.3,1.7,6.2,Lower middle income,25.637
SAMOA,2014,4.9,3.9,3.2,5.3,Lower middle income,28.554
SAO TOME AND PRINCIPE,2000,35.5,3.9,10.2,9.3,Upper middle income,23.065
SAO TOME AND PRINCIPE,2006,28.9,9.6,8,15.4,Upper middle income,28.144
SAO TOME AND PRINCIPE,2008,30.8,11.6,14.8,11.1,Upper middle income,29.162
SAO TOME AND PRINCIPE,2014,17.2,4,8.8,2.4,Upper middle income,30.828
SAUDI ARABIA,1994,21.4,2.9,13.5,1.2,Low income,2752.769
SAUDI ARABIA,2005,9.3,11.8,5.3,6.1,Low income,2736.025
SENEGAL,1986,26.5,5.1,17,2.3,Upper middle income,1279.819
SENEGAL,1992,34.4,9,20.4,4,Upper middle income,1423.173
SENEGAL,1993,29.8,9.4,19,4,Upper middle income,1455.386
SENEGAL,2000,26,10,17.8,3.2,Upper middle income,1658.629
SENEGAL,2005,19.9,8.7,14.5,2.5,Upper middle income,1843.683
SENEGAL,2011,26.7,9.8,18.4,2.7,Upper middle income,2221.122
SENEGAL,2012,15.5,8.7,14.4,0.7,Upper middle income,2285.858
SENEGAL,2013,18.8,9,16.7,1.4,Upper middle income,2343.304
SENEGAL,2014,18.8,5.9,12.8,1.3,Upper middle income,2395.731
SENEGAL,2015,20.7,7.8,16.1,1,Upper middle income,2445.327
SENEGAL,2016,17.1,7.1,13.8,0.9,Upper middle income,2491.26
SENEGAL,2017,16.5,9,14.4,0.9,Upper middle income,2527.102
SENEGAL,2019,18.8,8.1,13.3,2.6,Upper middle income,2584.884
SERBIA,2005,8.1,4.5,1.8,19.3,Lower middle income,536.006
SERBIA,2010,6.6,3.5,1.6,15.6,Lower middle income,489.48
SERBIA,2014,6,3.9,1.8,13.9,Lower middle income,443.994
SEYCHELLES,1988,7.7,2.7,5,5.8,Low income,8.397
SEYCHELLES,2012,7.9,4.3,3.6,10.2,Low income,7.816
SIERRA LEONE,2000,35.5,11.6,23.4,4.8,High income,788.65
SIERRA LEONE,2005,45,10.2,27.2,5.9,High income,956.871
SIERRA LEONE,2008,37.2,10.5,21.5,10.1,High income,1031.01
SIERRA LEONE,2010,44.4,8.5,21.7,9.6,High income,1054.666
SIERRA LEONE,2013,37.8,9.4,18.2,8.8,High income,1088.091
SIERRA LEONE,2017,31,6.8,15.6,4.2,High income,1121.384
SIERRA LEONE,2017,29.3,5.1,13.6,2,High income,1121.384
SIERRA LEONE,2019,29.5,5.4,13.6,4.5,High income,1147.311
SINGAPORE,2000,4.4,3.6,3.3,2.6,Low income,237.083
SOLOMON ISLANDS,1989,33.7,7.4,16.3,1.9,Upper middle income,52.052
SOLOMON ISLANDS,2007,32.8,4.3,11.5,2.5,Upper middle income,75.422
SOLOMON ISLANDS,2015,31.7,8.5,16.2,4.5,Upper middle income,93.586
SOMALIA,2006,42,13.3,32.8,4.7,High income,2057.311
SOMALIA,2009,25.3,14.3,22.5,3,High income,2217.124
SOUTH AFRICA,1994,29.7,9.1,14.9,13.6,Lower middle income,5192.969
SOUTH AFRICA,1995,28.7,3.3,8,10.3,Lower middle income,5114.903
SOUTH AFRICA,1999,30.1,4.5,9.8,10.4,Lower middle income,4888.759
SOUTH AFRICA,2004,35.5,7.8,12.1,17.2,Lower middle income,4883.204
SOUTH AFRICA,2008,24.9,4.8,8.8,13.3,Lower middle income,5274.302
SOUTH AFRICA,2012,27.2,5.6,8.5,17.2,Lower middle income,5752.842
SOUTH AFRICA,2016,27.4,2.5,5.9,13.3,Lower middle income,5815.375
SOUTH SUDAN,2006,36.2,24.6,32.5,10.9,High income,1335.359
SOUTH SUDAN,2010,31.3,22.7,27.7,6,High income,1583.166
SRI LANKA,1987,32.3,14.9,32.8,0.3,Lower middle income,1883.178
SRI LANKA,2000,18.4,15.5,22.8,1,Lower middle income,1641.32
SRI LANKA,2007,17.3,14.7,21.1,1.6,Lower middle income,1796.203
SRI LANKA,2009,19.2,11.8,21.6,0.8,Lower middle income,1792.258
SRI LANKA,2012,14.6,21.3,26.1,0.6,Lower middle income,1764.381
SRI LANKA,2016,17.3,15.1,20.5,2,Lower middle income,1712.612
STATE OF PALESTINE,1996,10.6,3.6,3.6,4,Upper middle income,545.491
STATE OF PALESTINE,2004,10.7,3.1,3.3,9,Upper middle income,573.084
STATE OF PALESTINE,2006,13.6,1.8,2.6,11.4,Upper middle income,577.712
STATE OF PALESTINE,2010,10.9,3.3,3.7,5.3,Upper middle income,625.242
STATE OF PALESTINE,2014,7.4,1.2,1.4,8.2,Upper middle income,670.525
SUDAN (THE),2006,38.3,14.5,27,4.2,Upper middle income,5265.818
SUDAN (THE),2010,34.1,15.4,29.8,1.5,Upper middle income,5557.947
SUDAN (THE),2014,38.2,16.3,33,3,Upper middle income,5829.274
SURINAME,2000,14.1,7,11.1,2.9,Lower middle income,53.65
SURINAME,2006,10.6,4.9,7.5,4,Lower middle income,53.171
SURINAME,2010,8.8,5,5.8,4,Lower middle income,52.358
SYRIAN ARAB REPUBLIC (THE),1993,32.8,10,11.5,15,High income,2158.072
SYRIAN ARAB REPUBLIC (THE),2001,31.1,10.3,11.1,19.7,High income,2499.911
SYRIAN ARAB REPUBLIC (THE),2006,28.7,10.3,10,18.7,High income,2638.577
SYRIAN ARAB REPUBLIC (THE),2010,27.9,11.5,10.4,17.9,High income,2942.763
TAJIKISTAN,2005,33.1,8.7,14.9,6.8,High income,856.773
TAJIKISTAN,2007,39.3,6.9,15.1,12,High income,888.165
TAJIKISTAN,2009,28.8,4.3,8.3,4.2,High income,948.76
TAJIKISTAN,2012,26.9,9.9,13.3,6.7,High income,1099.494
TAJIKISTAN,2016,19.6,3.6,6.4,3.7,High income,1269.761
TAJIKISTAN,2017,17.5,5.6,7.6,3.3,High income,1303.516
THAILAND,1987,24.6,5.7,20.2,1.3,Lower middle income,5586.318
THAILAND,1995,18.1,6.7,15.4,4.7,Lower middle income,5125.275
THAILAND,2006,15.7,4.7,7,8,Lower middle income,4182.899
THAILAND,2012,16.4,6.7,9.2,10.9,Lower middle income,4007.509
THAILAND,2016,10.5,5.4,6.7,8.2,Lower middle income,3784.092
TIMOR-LESTE,2002,55.7,13.7,40.6,5.7,Upper middle income,155.057
TIMOR-LESTE,2007,57.2,21.3,49.5,1.5,Upper middle income,169.326
TIMOR-LESTE,2009,57.5,18.9,44.9,5.8,Upper middle income,163.288
TIMOR-LESTE,2013,51.7,9.9,37.5,1.6,Upper middle income,154.874
TOGO,1988,40.7,5.9,21.7,2.9,High income,653.615
TOGO,1998,33.2,12.4,23.8,2.3,High income,768.985
TOGO,2006,29.9,15.5,23.3,4.8,High income,974.05
TOGO,2010,29.8,4.8,16.6,1.6,High income,1065.211
TOGO,2012,26.2,5.5,16.5,1.7,High income,1102.655
TOGO,2014,27.6,6.6,16.1,2,High income,1132.623
TOGO,2017,23.8,5,15.2,1.5,High income,1174.306
TONGA,2012,8.1,5.2,1.9,17.3,Lower middle income,13.28
TRINIDAD AND TOBAGO,1987,6.3,4.8,6.2,3.5,Low income,153.931
TRINIDAD AND TOBAGO,2000,5.3,5.2,4.3,5,Low income,89.616
TRINIDAD AND TOBAGO,2011,9.2,6.4,4.9,11.4,Low income,97.593
TUNISIA,1988,18.5,3.1,7.9,3.7,Upper middle income,1072.401
TUNISIA,1997,11.9,7.2,3.3,1.4,Upper middle income,898.842
TUNISIA,2006,9,3.4,3.3,8.8,Upper middle income,802.318
TUNISIA,2012,10.1,2.8,2.3,14.3,Upper middle income,923.428
TUNISIA,2018,8.4,2.1,1.6,17.2,Upper middle income,1035.907
TURKEY,1993,23.6,3.9,8.7,4.9,Lower middle income,6445.376
TURKEY,1998,18.8,3,7,3.8,Lower middle income,6565.825
TURKEY,2004,15.2,1.1,3.5,8.8,Lower middle income,6580.835
TURKEY,2008,12.5,1,1.9,9.8,Lower middle income,6379.973
TURKEY,2013,10,1.9,2.3,11.1,Lower middle income,6645.944
TURKEY,2018,6,1.7,1.5,8.1,Lower middle income,6749.274
TURKMENISTAN,2006,18.9,7.2,9.2,4.5,Lower middle income,522.462
TURKMENISTAN,2015,11.5,4.2,3.2,5.9,Lower middle income,678.765
TUVALU,2007,10,3.3,1.6,6.3,Lower middle income,1
UGANDA,1988,47.7,3.1,19.7,3.6,High income,3180.747
UGANDA,1995,45.7,5.9,20.8,5,High income,4100.305
UGANDA,2000,44.9,5,19.2,4.9,High income,4736.456
UGANDA,2006,38.4,6.2,16.3,4.9,High income,5654.524
UGANDA,2009,38.2,4.4,15.7,3.2,High income,6110.879
UGANDA,2011,33.5,4.6,14.1,3.8,High income,6424.52
UGANDA,2012,33.7,4.2,11.9,5.8,High income,6568.534
UGANDA,2014,34,3.8,11.7,3.6,High income,6856.724
UGANDA,2016,28.9,3.5,10.4,3.7,High income,7198.326
UKRAINE,2000,22.9,8.2,4.1,26.5,Upper middle income,2160.097
UNITED REPUBLIC OF TANZANIA (THE),1991,49.9,7.8,24.8,5.8,High income,4710.997
UNITED REPUBLIC OF TANZANIA (THE),1996,49.6,8.5,26.8,4.6,High income,5383.096
UNITED REPUBLIC OF TANZANIA (THE),1999,48.3,5.6,25.3,3.3,High income,5627.864
UNITED REPUBLIC OF TANZANIA (THE),2004,44.4,3.5,16.7,4.9,High income,6576.269
UNITED REPUBLIC OF TANZANIA (THE),2009,43.2,2.9,16.4,4.7,High income,7706.205
UNITED REPUBLIC OF TANZANIA (THE),2010,42.1,4.9,16.1,5.4,High income,7901.238
UNITED REPUBLIC OF TANZANIA (THE),2011,35,6.2,14.1,5.1,High income,8090.972
UNITED REPUBLIC OF TANZANIA (THE),2013,37.4,4.4,13.1,5.1,High income,8426.615
UNITED REPUBLIC OF TANZANIA (THE),2015,34.5,4.5,13.7,3.7,High income,8770.56
UNITED REPUBLIC OF TANZANIA (THE),2018,31.8,3.5,14.6,2.8,High income,9316.107
UNITED STATES OF AMERICA (THE),1991,3.2,0.7,0.9,5.4,Low income,19515.152
UNITED STATES OF AMERICA (THE),2001,3.3,0.4,1.1,7,Low income,19359.971
UNITED STATES OF AMERICA (THE),2005,3.2,0.8,1.1,8.1,Low income,20270.037
UNITED STATES OF AMERICA (THE),2009,2.7,0.5,0.8,7.8,Low income,20974.629
UNITED STATES OF AMERICA (THE),2012,2.1,0.5,0.5,6,Low income,20679.186
URUGUAY,1999,12.8,2.3,4.7,9,Low income,273.671
URUGUAY,2002,14.7,2.4,5.4,10,Low income,261.276
URUGUAY,2003,15.8,2.8,5.1,11.5,Low income,258.592
URUGUAY,2004,13.9,3,6,9.4,Low income,255.985
URUGUAY,2007,10.8,2.5,4.2,7.9,Low income,246.557
URUGUAY,2011,10.7,1.3,4,7.2,Low income,234.756
UZBEKISTAN,1996,39.5,10.7,13.3,15.9,Upper middle income,3227.16
UZBEKISTAN,2002,24.9,9,7.4,11,Upper middle income,2642.641
UZBEKISTAN,2006,19.6,4.4,4.4,12.2,Upper middle income,2597.219
UZBEKISTAN,2017,10.8,1.8,2.9,4.6,Upper middle income,3363.002
VANUATU,2007,25.7,5.9,11.5,4.7,Upper middle income,30.776
VANUATU,2013,28.9,4.7,11.7,4.9,Upper middle income,37.743
VENEZUELA (BOLIVARIAN REPUBLIC OF),1987,7,2.2,3.9,9,Lower middle income,2556.089
VENEZUELA (BOLIVARIAN REPUBLIC OF),1990,18.6,5.7,6.7,4,Lower middle income,2701.037
VENEZUELA (BOLIVARIAN REPUBLIC OF),1991,18.2,4.5,5.4,4.3,Lower middle income,2743.016
VENEZUELA (BOLIVARIAN REPUBLIC OF),1992,18.3,4.3,4.5,4.9,Lower middle income,2759.396
VENEZUELA (BOLIVARIAN REPUBLIC OF),1993,17.4,4,4,4.9,Lower middle income,2757.565
VENEZUELA (BOLIVARIAN REPUBLIC OF),1994,17.9,3.8,3.9,5,Lower middle income,2751.484
VENEZUELA (BOLIVARIAN REPUBLIC OF),1995,18.9,3.8,4.1,4.7,Lower middle income,2750.904
VENEZUELA (BOLIVARIAN REPUBLIC OF),1996,19.3,3.8,4.4,4.7,Lower middle income,2739.739
VENEZUELA (BOLIVARIAN REPUBLIC OF),1997,19.9,3.8,4.5,5,Lower middle income,2743.856
VENEZUELA (BOLIVARIAN REPUBLIC OF),1998,19.2,4.4,4.6,4.9,Lower middle income,2759.202
VENEZUELA (BOLIVARIAN REPUBLIC OF),1999,18.3,4,4.1,5.2,Lower middle income,2776.921
VENEZUELA (BOLIVARIAN REPUBLIC OF),2000,17.4,3.9,3.9,5.3,Lower middle income,2790.755
VENEZUELA (BOLIVARIAN REPUBLIC OF),2001,17.3,4.4,4,5.4,Lower middle income,2810.061
VENEZUELA (BOLIVARIAN REPUBLIC OF),2002,17.6,4.8,4.2,5.4,Lower middle income,2825.779
VENEZUELA (BOLIVARIAN REPUBLIC OF),2003,17.7,5.2,4.6,5.3,Lower middle income,2837.549
VENEZUELA (BOLIVARIAN REPUBLIC OF),2004,17.1,5.2,4.5,5.2,Lower middle income,2847.468
VENEZUELA (BOLIVARIAN REPUBLIC OF),2005,16.2,4.8,4.1,5.5,Lower middle income,2857.294
VENEZUELA (BOLIVARIAN REPUBLIC OF),2006,16.2,4.8,3.9,6.1,Lower middle income,2874.021
VENEZUELA (BOLIVARIAN REPUBLIC OF),2007,15.6,5,3.7,6.1,Lower middle income,2882.754
VENEZUELA (BOLIVARIAN REPUBLIC OF),2008,14.6,4.5,3.2,6.3,Lower middle income,2887.014
VENEZUELA (BOLIVARIAN REPUBLIC OF),2009,13.4,4.1,2.9,6.4,Lower middle income,2891.898
VIET NAM,1993,61.5,6.7,36.6,2.9,Upper middle income,9341.234
VIET NAM,1998,42.1,11.9,35.8,1.4,Upper middle income,8048.682
VIET NAM,1999,43.7,11,31.1,1.8,Upper middle income,7564.743
VIET NAM,2000,43.2,6.1,26.7,2.6,Upper middle income,7190.756
VIET NAM,2002,37.5,8.9,23.4,2.6,Upper middle income,6498.305
VIET NAM,2003,35.4,10.9,24.6,2.2,Upper middle income,6528.895
VIET NAM,2004,33.7,11.3,23.8,2.7,Upper middle income,6629.731
VIET NAM,2005,33.2,10.7,22.7,2.6,Upper middle income,6697.017
VIET NAM,2006,31.8,9.9,22.1,3.1,Upper middle income,6922.325
VIET NAM,2007,32.2,10.1,22.6,2.9,Upper middle income,7044.379
VIET NAM,2008,30.5,9.7,20.2,3,Upper middle income,7089.525
VIET NAM,2010,22.7,4.1,11.7,4.5,Upper middle income,7210.284
VIET NAM,2012,26.7,6.7,16.2,4.8,Upper middle income,7433.636
VIET NAM,2013,25.9,6.6,15.3,4.6,Upper middle income,7505.594
VIET NAM,2014,24.9,6.8,14.5,3.5,Upper middle income,7571.873
VIET NAM,2015,24.6,6.4,14.1,5.3,Upper middle income,7642.771
VIET NAM,2017,23.8,5.8,13.4,5.9,Upper middle income,7743.873
YEMEN,1991,50.4,14.1,29.9,8.1,High income,2654.203
YEMEN,1996,50.4,17.4,34.2,6.9,High income,3104.875
YEMEN,1997,55.2,16.5,43,3.7,High income,3124.124
YEMEN,2003,57.3,15.3,45.3,4.9,High income,3171.92
YEMEN,2005,57,13.7,36.7,6.3,High income,3309.04
YEMEN,2011,46.6,13.3,35.5,1.5,High income,3685.836
YEMEN,2013,46.4,16.4,39.9,2.5,High income,3836.334
ZAMBIA,1992,46.3,6.3,21.2,4.7,Upper middle income,1556.522
ZAMBIA,1996,48.6,5.3,19.6,6.2,Upper middle income,1703.367
ZAMBIA,1999,59.2,5,19.6,14,Upper middle income,1852.811
ZAMBIA,2002,52.5,6.2,23.2,5.9,Upper middle income,2042.664
ZAMBIA,2007,45.8,5.6,14.9,8.4,Upper middle income,2340.873
ZAMBIA,2013,40,6.2,14.9,6.2,Upper middle income,2645.67
ZAMBIA,2018,34.6,4.2,11.8,5.2,Upper middle income,2868.914
ZIMBABWE,1988,31,1.7,8,5.4,Upper middle income,1699.763
ZIMBABWE,1994,28.5,5.3,11.8,6.4,Upper middle income,1737.402
ZIMBABWE,1999,33.8,8.3,11.5,10.5,Upper middle income,1690.994
ZIMBABWE,2005,35.3,7.2,14,8.8,Upper middle income,1771.441
ZIMBABWE,2009,35.1,2.4,11.7,3.5,Upper middle income,1938.279
ZIMBABWE,2010,32.2,3.2,10.2,5.8,Upper middle income,1997.281
ZIMBABWE,2014,27.6,3.2,11.2,3.6,Upper middle income,2236.182
ZIMBABWE,2015,27.1,3.3,8.5,5.6,Upper middle income,2258.788
ZIMBABWE,2019,23.5,2.9,9.7,2.5,Upper middle income,2138.02
